Cava,Puntuació,id,Municipi,id_cava,Comarca,Província,Població
Jaume Serra,978.61,64912,Vilanova i la Geltrú,171,Garraf,Barcelona,67733
Codorniu,838.86,89954,Sant Sadurní d'Anoia,23,Alt Penedès,Barcelona,12841
Parxet,803.53,66879,Tiana,276,Maresme,Barcelona,8945
Llopart,797.36,2664,Subirats,200,Alt Penedès,Barcelona,3104
Freixenet,764.01,37253,Sant Sadurní d'Anoia,139,Alt Penedès,Barcelona,12841
Maset del Lleó,741.4,70327,La Granada,6249,Alt Penedès,Barcelona,2208
Juvè & Camps,730.57,114202,Sant Sadurní d'Anoia,190,Alt Penedès,Barcelona,12841
Vallformosa,712.44,1026,Vilobí del Penedès,360,Alt Penedès,Barcelona,1102
Castillo de Perelada,711.02,107669,Peralada,262,Alt Empordà,Girona,1898
Mont-Ferrant,688.55,423,Blanes,249,Selva,Girona,39914
Raventós i Blanc,684.74,98980,Sant Sadurní d'Anoia,388,Alt Penedès,Barcelona,12841
Gramona,675.23,172882,Sant Sadurní d'Anoia,142,Alt Penedès,Barcelona,12841
Mont Marçal,672.08,395,Castellví de la Marca,253,Alt Penedès,Barcelona,1575
Sumarroca,668.58,68370,Subirats,500,Alt Penedès,Barcelona,3104
Torelló,667.32,7467,Sant Sadurní d'Anoia,348,Alt Penedès,Barcelona,12841
Covides,655.6,26308,Vilafranca del Penedès,99,Alt Penedès,Barcelona,40154
Lacrima Baccus,655.5,207724,Castellet i la Gornal,417,Alt Penedès,Barcelona,2382
Bach,654.43,38313,Sant Esteve Sesrovires,20,Baix Llobregat,Barcelona,7696
Mas Tinell,647.79,2378,Vilafranca del Penedès,229,Alt Penedès,Barcelona,40154
Cavas Hill,640.87,23438,Olèrdola,160,Alt Penedès,Barcelona,3768
Segura Viudas,639.92,216,TORRELAVIT,340,Alt Penedès,Barcelona,1422
Recaredo,639.32,52979,Sant Sadurní d'Anoia,309,Alt Penedès,Barcelona,12841
Marrugat,638.81,18480,Vilafranca del Penedès,424,Alt Penedès,Barcelona,40154
Miquel Pons,638.31,12440,La Granada,421,Alt Penedès,Barcelona,2208
Nadal,631.53,302,TORRELAVIT,259,Alt Penedès,Barcelona,1422
Bertha,629.68,64533,Sant Sadurní d'Anoia,354,Alt Penedès,Barcelona,12841
Pere Ventura,625.82,105254,Sant Sadurní d'Anoia,278,Alt Penedès,Barcelona,12841
Rovellats,622.02,1047,Sant Martí Sarroca,329,Alt Penedès,Barcelona,3261
Freixa Rigau,619.6,3332,Capmany,138,Alt Empordà,Girona,693
Alsina & Sardà,617.49,43036,El Pla del Penedès,9,Alt Penedès,Barcelona,1275
Rondel,615.2,1974,Cervelló,320,Baix Llobregat,Barcelona,9077
Raimat,609.81,175531,Lleida,305,Segrià,Lleida,144739
Castellblanch,605.63,116979,Sant Sadurní d'Anoia,76,Alt Penedès,Barcelona,12841
Albert de Vilarnau,605.42,21582,Sant Sadurní d'Anoia,555,Alt Penedès,Barcelona,12841
Canals Canals R,595.06,675,Castellví de Rosanes,307,Baix Llobregat,Barcelona,1933
Robert J. Mur,594.66,233,Sant Sadurní d'Anoia,315,Alt Penedès,Barcelona,12841
Agustí Torelló,594.37,3,Sant Sadurní d'Anoia,1,Alt Penedès,Barcelona,12841
Roger Goulart,594.25,504,Sant Esteve Sesrovires,317,Baix Llobregat,Barcelona,7696
Can Quetu,591.97,399,Sant Sadurní d'Anoia,56,Alt Penedès,Barcelona,12841
Oriol Rossell,591.89,6619,Castellet i la Gornal,269,Alt Penedès,Barcelona,2382
Capdevila Pujol,588.2,99,Sant Sadurní d'Anoia,393,Alt Penedès,Barcelona,12841
Avinyó,583.73,68204,Avinyonet del Penedès,18,Alt Penedès,Barcelona,1697
Mestres,580.92,5242,Sant Sadurní d'Anoia,239,Alt Penedès,Barcelona,12841
Canals y Munné,578.92,142032,Sant Sadurní d'Anoia,61,Alt Penedès,Barcelona,12841
Conde de Caralt,578.37,69446,Torrelavit,91,Alt Penedès,Barcelona,1422
Baldús,575.44,515,Santa Fe del Penedès,22,Alt Penedès,Barcelona,367
Portell,574.15,98556,Sarral,293,Conca de Barberà,Tarragona,1538
Naveran,573.51,122,Torrelavit,260,Alt Penedès,Barcelona,1422
Castell d'Or,567.63,20180,Vila-Rodona,3353,Alt Camp,Tarragona,1276
Fonpinet,567.07,609,Sant Sadurní d'Anoia,134,Alt Penedès,Barcelona,12841
Privat,560.6,12020,Tiana,296,Maresme,Barcelona,8945
Jaume Giró i Giró,558.89,175532,Sant Sadurní d'Anoia,169,Alt Penedès,Barcelona,12841
Lavernoya,558.05,4208,Sant Sadurní d'Anoia,196,Alt Penedès,Barcelona,12841
Cabré & Sabaté - M,557.25,32368,Tabernes Blanques,3529,,València,9635
Agusti Torelló Roca - AT Roca,556.92,113321,SANT SADURNÍ D'ANOIA,6059,Alt Penedès,Barcelona,12841
Ventura Soler,555.79,4886,Sant Sadurní d'Anoia,364,Alt Penedès,Barcelona,12841
Rimarts,544.86,28933,Sant Sadurní d'Anoia,313,Alt Penedès,Barcelona,12841
Giró Ribot,541.48,129,Santa Fe del Penedès,150,Alt Penedès,Barcelona,367
Jané Ventura,540.34,150,El Vendrell,167,Baix Penedès,Tarragona,38373
Albet i Noya,538.26,106875,Subirats,5,Alt Penedès,Barcelona,3104
Rexach Baqués,537.72,122764,Font-Rubí,311,Alt Penedès,Barcelona,1414
Mascaró,537.24,957,Vilafranca del Penedès,231,Alt Penedès,Barcelona,40154
Celler de l'Avi,536.36,2707,Sant Sadurní d'Anoia,558,Alt Penedès,Barcelona,12841
Ferret,534.43,11031,Font-rubí,130,Alt Penedès,Barcelona,1414
Castellroig,532.94,53705,Subirats,77,Alt Penedès,Barcelona,3104
Canals Domingo San Sadurní de Noya,529.27,2067,Sant Sadurní d'Anoia,63,Alt Penedès,Barcelona,12841
Parés Baltà,528.43,23117,Pacs del Penedès,274,Alt Penedès,Barcelona,918
Gran Amat,525.46,11974,Garriguella,394,Alt Empordà,Girona,853
Castelo de Pedregosa,523.55,169337,Sant Sadurní d'Anoia,79,Alt Penedès,Barcelona,12841
Coop. L'Arboç del Penedès,521.84,42792,Vilafranca del Penedès,420,Alt Penedès,Barcelona,40154
J. Raventós Roig,517.87,59146,Sant Sadurní d'Anoia,509,Alt Penedès,Barcelona,12841
Cava,517.8,1105,-,3291,,,
Vinya Silvia,515.92,31942,Montmeló,378,Vallès Oriental,Barcelona,8831
Signat,514.42,116931,Alella,341,Maresme,Barcelona,9904
Alta Alella,514.2,108546,Tiana,557,Maresme,Barcelona,8945
Pinord,514.06,112,Vilafranca del Penedès,288,Alt Penedès,Barcelona,40154
Masia el Pujolet,513.33,82386,El Pla del Penedès,3268,Alt Penedès,Barcelona,1275
Sogas Mascaró,513.12,25817,Vilafranca del Penedès,390,Alt Penedès,Barcelona,40154
Martí Serdà,512.36,1014,Santa Fe del Penedès,217,Alt Penedès,Barcelona,367
Mont Ferrant - Parxet,511.91,115513,Tiana,6478,Maresme,Barcelona,8945
Emendis,511.65,24513,Barcelona,3389,Barcelonès,Barcelona,1664182
Marquès de Gelida,510.26,8278,Sant Sadurní d'Anoia,210,Alt Penedès,Barcelona,12841
Carles Andreu,509.97,70647,Pira,66,Conca de Barberà,Tarragona,503
Loxarel,508.84,20685,Vilobí del Penedès,412,Alt Penedès,Barcelona,1102
Puig Munts,502.54,274,Martorell,299,Baix Llobregat,Barcelona,28772
Jané Baqués,502.48,92250,El Pla del Penedès,166,Alt Penedès,Barcelona,1275
Canals Casanovas,500.96,147158,Subirats,60,Alt Penedès,Barcelona,3104
Montesquius,498.68,614,Sant Sadurní d'Anoia,251,Alt Penedès,Barcelona,12841
Llàgrima d'Or,496.76,20720,Sant Sadurní d'Anoia,440,Alt Penedès,Barcelona,12841
Mont Bató,495.71,378,Les Masies de Voltregà,401,Osona,Barcelona,3132
Grimau de Pujades,493.19,1037,Castellví de la Marca,153,Alt Penedès,Barcelona,1575
Massana & Noya,492.21,223,Subirats,237,Alt Penedès,Barcelona,3104
Arestel,490.17,67627,Neckarsulm,4965,,Baden-Württemberg,26523
Duc de Foix,488.64,605,Vilafranca del Penedès,432,Alt Penedès,Barcelona,40154
Mas Codina,485.46,1124,Puigdàlber,220,Alt Penedès,Barcelona,524
Rusinés,484.13,21268,Sant Sadurní d'Anoia,332,Alt Penedès,Barcelona,12841
Marqués de Monistrol,483.63,394,Sant Sadurní d'Anoia,211,Alt Penedès,Barcelona,12841
Joan Sardà (M.),483.48,1869,Castellbisbal,177,Vallès Occidental,Barcelona,12540
Roura,483.01,1020,Alella,328,Maresme,Barcelona,9904
Arvicaretey,482.48,4035,Sant Sadurní d'Anoia,16,Alt Penedès,Barcelona,12841
El Celler Vell,480.43,2206,Sant Sadurní d'Anoia,85,Alt Penedès,Barcelona,12841
bebubble - (de Vallformosa),479.24,190100,Vilobí del Penedès,8154,Alt Penedès,Barcelona,1102
Comte de Subirats,476.97,85070,Sant Sadurní d'Anoia,4795,Alt Penedès,Barcelona,12841
Privat - Castillo de Perelada,476.4,138386,Peralada,8241,Alt Empordà,Girona,1898
Raventós Rosell,475.11,368,Masquefa,397,Anoia,Barcelona,9402
Escofet Rosell,474.51,136739,Avinyonet del Penedès,6856,Alt Penedès,Barcelona,1697
Rosmas,474.28,1815,Sant Sadurní d'Anoia,326,Alt Penedès,Barcelona,12841
Rosell y Formosa,473.27,14020,Sant Sadurní d'Anoia,322,Alt Penedès,Barcelona,12841
Roig Virgili,472.83,19733,Sant Sadurní d'Anoia,389,Alt Penedès,Barcelona,12841
Pere Olivella Galimany,472.42,119228,Font-rubí,285,Alt Penedès,Barcelona,1414
Rabetllat i Vidal,471.41,7869,Sant Esteve Sesrovires,428,Baix Llobregat,Barcelona,7696
1601,470.44,122337,Guissona,6295,Segarra,Lleida,7248
Castell d'Age,468.86,16194,Masquefa,71,Anoia,Barcelona,9402
Oliver Viticultors,467.65,122583,Subirats,5901,Alt Penedès,Barcelona,3104
Jaume Ventura,466.99,166,Sant Sadurní d'Anoia,172,Alt Penedès,Barcelona,12841
Celler Trobat,466.67,17797,Garriguella,84,Alt Empordà,Girona,853
Moët & ChandonFrança (champagne),463.69,16669,Épernay,650,,Marne,22022
Josep Masachs,463.23,1311,Vilafranca del Penedès,436,Alt Penedès,Barcelona,40154
Cripta,462.8,190635,Sant Sadurní d'Anoia,458,Alt Penedès,Barcelona,12841
Forns Raventós,460.94,8704,Santa Fe del Penedès,135,Alt Penedès,Barcelona,367
Mistinguett,459.14,133574,Vilobí del Penedès,7570,Alt Penedès,Barcelona,1102
Mas Oliver,459.07,562,Sant Sadurní d'Anoia,226,Alt Penedès,Barcelona,12841
Planas Albareda,458.77,47355,Vilobí del Penedès,290,Alt Penedès,Barcelona,1102
Les Tres Naus,458.07,54335,SANT JAUME DELS DOMENYS,198,Baix Penedès,Tarragona,2624
Estalella,457.52,119243,Vilanova del Camí,6409,Anoia,Barcelona,12596
Huguet de Can Feixes,456.32,415,Cabrera d'Anoia,161,Anoia,Barcelona,1482
Bohigas,456.21,568,Òdena,46,Anoia,Barcelona,3668
Artium,455.76,85,Artés,15,Bages,Barcelona,5762
Desotaterra,453.88,47515,Sant Sadurní d'Anoia,461,Alt Penedès,Barcelona,12841
Castell Sant Antoni,452.48,15,Sant Sadurní d'Anoia,73,Alt Penedès,Barcelona,12841
Blancher,452.25,1301,Sant Sadurní d'Anoia,39,Alt Penedès,Barcelona,12841
Xic d'Alfons,451.82,54586,El Pla del Penedès,4071,Alt Penedès,Barcelona,1275
Juve Masana,450.42,200296,VILAMALLA,8296,Alt Empordà,Girona,1161
Pere Camps,450.4,74213,GRANOLLERS,484,Vallès Oriental,Barcelona,62419
Mont Michel,447.55,963,Sant Sadurní d'Anoia,459,Alt Penedès,Barcelona,12841
Joan Sardà,447.4,172340,Castellví de la Marca,5116,Alt Penedès,Barcelona,1575
Berenguer,444.06,46573,La Granada,442,Alt Penedès,Barcelona,2208
Canals Nadal,443.72,27705,El Pla del Penedès,62,Alt Penedès,Barcelona,1275
Jaume Llopart,441.42,31058,Font-rubí,170,Alt Penedès,Barcelona,1414
Grivà,440.42,687,Cabrera de Mar,154,Maresme,Barcelona,4747
Torre Oria - E,438.98,17963,Requena,350,Plana d'Utiel,València,20254
Alba Arnau,438.14,50278,El Pla del Penedès,4515,Alt Penedès,Barcelona,1275
Maria Rigol Ordi,437.71,111614,Sant Sadurní d'Anoia,207,Alt Penedès,Barcelona,12841
Vinícola de Nulles,437.66,99664,Nulles,387,Alt Camp,Tarragona,509
Roser Romeu Torné,437.47,78641,Calella,4102,Maresme,Barcelona,19277
Santacana Roig,435.71,634,Sant Sadurní d'Anoia,422,Alt Penedès,Barcelona,12841
Olivella Ferrari,434.38,4734,Peralada,264,Alt Empordà,Girona,1898
Dibón,433.38,86753,Vilafranca del Penedès,4330,Alt Penedès,Barcelona,40154
Can Ràfols dels Caus,430.03,324,Avinyonet del Penedès,57,Alt Penedès,Barcelona,1697
Parellada i Faura,428.62,2357,Subirats,518,Alt Penedès,Barcelona,3104
Torrents Carbó,428.56,2379,Vilanova i la Geltrú,353,Garraf,Barcelona,67733
Berdié Romagosa,427.89,51972,Castellví de la Marca,34,Alt Penedès,Barcelona,1575
Castell del Remei,426.98,9849,Penelles,3377,Noguera,Lleida,435
D'Oriell,426.83,12454,Les Masies de Voltregà,3252,Osona,Barcelona,3132
Juan Miró,426.36,4499,Sant Sadurní d'Anoia,414,Alt Penedès,Barcelona,12841
Pere Rius,425.83,1322,Castellví de la Marca,286,Alt Penedès,Barcelona,1575
Maria Casanovas Glaç,425.66,71975,Sant Sadurní d'Anoia,205,Alt Penedès,Barcelona,12841
Mumm & CieFrança (champagne),425.45,21055,Reims,674,,Marne,174478
Simó de Palau,424.84,16651,L'Espluga de Francolí,342,Conca de Barberà,Tarragona,3736
Muguet,423.53,115452,BARCELONA,257,Barcelonès,Barcelona,1664182
Rosell Mir,423.36,161471,Subirats,324,Alt Penedès,Barcelona,3104
Duran,423.3,79933,Castellví de Rosanes,517,Baix Llobregat,Barcelona,1933
U més U fan TRES,422.05,191981,Font-Rubí,2686,Alt Penedès,Barcelona,1414
Vilamajó,422.01,31081,Sant Sadurní d'Anoia,374,Alt Penedès,Barcelona,12841
Marqués de Benach,421.89,30213,La Granada,6269,Alt Penedès,Barcelona,2208
Mas de la Basserola,421.56,4498,Aiguamúrcia,221,Alt Camp,Tarragona,957
Torrens Moliner,420.56,300,Sant Sadurní d'Anoia,352,Alt Penedès,Barcelona,12841
Gran Barón - (Vallformosa),420.5,13979,Vilobí del Penedès,431,Alt Penedès,Barcelona,1102
Bolet,420.01,18369,Castellví de la Marca,47,Alt Penedès,Barcelona,1575
J. Mir Vidal,419.54,959,Sant Sadurní d'Anoia,243,Alt Penedès,Barcelona,12841
Martín Soler,419.44,9174,Vilafranca del Penedès,218,Alt Penedès,Barcelona,40154
Genèriques colors,419.39,509,-,3508,,,
Tres Tombs,419.04,25207,Avinyonet del Penedès,610,Alt Penedès,Barcelona,1697
Colomer Costa,418.88,2018,Sant Sadurní d'Anoia,503,Alt Penedès,Barcelona,12841
El Celleret,418.12,71623,Sant Sadurní d'Anoia,4100,Alt Penedès,Barcelona,12841
Castell de Vilarnau,415.95,257,Sant Sadurní d'Anoia,74,Alt Penedès,Barcelona,12841
Cases Ribalta,413.56,2050,Barcelona,488,Barcelonès,Barcelona,1664182
Nu Allongé,412.68,101531,Castellet i la Gornal,261,Alt Penedès,Barcelona,2382
Josep M. Ferret  Guasch,412.64,32655,Font-Rubí,182,Alt Penedès,Barcelona,1414
Masia Torreblanca,412.26,2674,Olèrdola,235,Alt Penedès,Barcelona,3768
Colomer - (Bernat),411.98,2274,Sant Sadurní d'Anoia,90,Alt Penedès,Barcelona,12841
Ferret i Mateu,411.17,17749,Santa Margarida i els Monjos,131,Alt Penedès,Barcelona,7676
Vives Ambròs - Aida de,411.02,50662,Montferri,379,Alt Camp,Tarragona,403
Romagosa Torné,410.93,538,Sant Martí Sarroca,319,Alt Penedès,Barcelona,3261
Cardoner,410.81,80,Sant Sadurní d'Anoia,65,Alt Penedès,Barcelona,12841
Eclosió - (de A & S),410.62,191648,El Pla del Penedès,8181,Alt Penedès,Barcelona,1275
Monegal Cerdà,409.6,68977,Sant Feliu de Guíxols,429,Baix Empordà,Girona,23050
ClicquotFrança (champagne),409.36,23879,Reims,656,,Marne,174478
Miret,408.53,140,Barcelona,244,Barcelonès,Barcelona,1664182
Marques de la Concordia - M,408.49,203959,Madrid,7423,,Madrid,3416771
El Mas Ferrer,407.58,1412,Subirats,121,Alt Penedès,Barcelona,3104
Varias,407.31,38022,Sant Sadurní d'Anoia,5428,Alt Penedès,Barcelona,12841
Magrinyà Calaf,406.2,126,Nulles,202,Alt Camp,Tarragona,509
Jaume Creixell,406.19,2729,Barcelona,168,Barcelonès,Barcelona,1664182
Trias,406.1,43525,Vilafranca del Penedès,355,Alt Penedès,Barcelona,40154
Alsinac - (M.),404.68,120356,Vilafranca del Penedès,5255,Alt Penedès,Barcelona,40154
Chandon,403.11,594,-,86,,,
Solium,401.71,21302,Sant Sadurní d'Anoia,407,Alt Penedès,Barcelona,12841
J. García Carrión Vegaverde - E,401.67,78837,Daimiel,4192,,Ciudad Real,17645
Terrer de la Creu,401.29,26743,Manresa,3465,Bages,Barcelona,78245
Empreses,400.76,12036,-,108,,,
Arxiduc de Mont-Palau,398.3,93102,La Granada,17,Alt Penedès,Barcelona,2208
Soler Jové,398.02,5862,Sant Sadurní d'Anoia,344,Alt Penedès,Barcelona,12841
Júlia Bernet,397.33,9722,Subirats,504,Alt Penedès,Barcelona,3104
El Xamfrà,396.85,718,Sant Sadurní d'Anoia,380,Alt Penedès,Barcelona,12841
Olivella i Bonet S.A.,396.1,448,L'Arboç,265,Baix Penedès,Tarragona,5609
Guilera,395.44,260,Subirats,155,Alt Penedès,Barcelona,3104
DonelliItàlia ICRF,394.55,2926,Gattatico,659,,Reggio Emilia,5668
Gibert,394.04,1551,Artés,148,Bages,Barcelona,5762
L'Origan,393.94,4273,Sant Sadurní d'Anoia,450,Alt Penedès,Barcelona,12841
Louis de Vernier,392.3,137163,Torrelles de Foix,444,Alt Penedès,Barcelona,2398
Masachs,391.9,38225,Torrelles de Foix,230,Alt Penedès,Barcelona,2398
Empreses - Caixa Penedès,391.77,12037,-,108,,,
Masia d'Or,390.65,136991,Santa Fe del Penedès,5723,Alt Penedès,Barcelona,367
Dominio de la Vega - E,389.47,33664,San Antonio de Benagéber,456,,València,10200
Parató,389.07,633,El Pla del Penedès,273,Alt Penedès,Barcelona,1275
Monastell,388.93,4030,Sant Sadurní d'Anoia,247,Alt Penedès,Barcelona,12841
Coop. Llorenç del Penedès,388.93,726,Llorenç del Penedès,94,Baix Penedès,Tarragona,2395
Montsarra,388.84,3847,Torrelles de Foix,254,Alt Penedès,Barcelona,2398
Mas Suau,388.63,36768,La Granada,502,Alt Penedès,Barcelona,2208
Julià & Navinés,388.32,28334,Font-Rubí,187,Alt Penedès,Barcelona,1414
Roig y Ollé,387.35,52077,Sant Sadurní d'Anoia,464,Alt Penedès,Barcelona,12841
Es Trac,385.85,29379,Barcelona,515,Barcelonès,Barcelona,1664182
Sadurní Comas Codorniu,385.76,677,Sant Sadurní d'Anoia,334,Alt Penedès,Barcelona,12841
Fuchs de Vidal,385.66,456,El Pla del Penedès,141,Alt Penedès,Barcelona,1275
D'Ishern,384.32,1416,El Papiol,112,Baix Llobregat,Barcelona,4172
Canals & Nubiola,382.93,4950,Sant Sadurní d'Anoia,59,Alt Penedès,Barcelona,12841
Dolina - Vall Dolina,381.22,93365,Olesa de Bonesvalls,4540,Alt Penedès,Barcelona,1840
Langa - E,380.85,26430,Calatayud,195,,Zaragoza,19850
Capità Vidal,379.86,122951,El Pla del Penedès,64,Alt Penedès,Barcelona,1275
Vinya Escudé Maioles,378.25,10817,Sant Quintí de Mediona,3247,Alt Penedès,Barcelona,2317
Berral i Miró,377.42,76771,Sant Sadurní d'Anoia,37,Alt Penedès,Barcelona,12841
Anna Amigó Agulled,376.82,31267,Sant Sadurní d'Anoia,605,Alt Penedès,Barcelona,12841
Benito Escudero - E,376.6,17,Grávalos,33,,La Rioja,185
Bonet & Cabestany,375.34,3141,Sant Sadurní d'Anoia,50,Alt Penedès,Barcelona,12841
Casteller - Covides,375.1,130694,Sant Sadurní d'Anoia,6505,Alt Penedès,Barcelona,12841
Valldosera,375.0,1919,Olèrdola,359,Alt Penedès,Barcelona,3768
René Barbier,374.42,29213,Sant Cugat Sesgarrigues,3464,Alt Penedès,Barcelona,1009
J. Colet,374.4,10139,Pacs del Penedès,181,Alt Penedès,Barcelona,918
Gorg del Glaç,373.97,2709,Sant Jaume dels Domenys,877,Baix Penedès,Tarragona,2624
Rosell & Gallart,373.82,211,Sant Sadurní d'Anoia,323,Alt Penedès,Barcelona,12841
Anna Gabarró,373.45,1580,Piera,11,Anoia,Barcelona,16134
Mas Bertran,372.3,32984,Sant Martí Sarroca,3457,Alt Penedès,Barcelona,3261
Torné & Bel,372.28,717,Sant Sadurní d'Anoia,349,Alt Penedès,Barcelona,12841
Casteller,372.22,327,Vilafranca del Penedès,392,Alt Penedès,Barcelona,40154
Gran Ducay Bodegas - E,372.16,11905,Cariñena,3256,,Zaragoza,3456
Cuscó i Comas,372.04,3396,Piera,102,Anoia,Barcelona,16134
Espelt,371.97,109538,Vilajuïga,127,Alt Empordà,Girona,1116
"Capel Vinos, S.A. - E",371.76,21883,Murcia,3390,,Murcia,474617
Olivé Batllori,371.1,2975,Subirats,263,Alt Penedès,Barcelona,3104
Faustino - E,370.61,1060,Oyón,129,,Álava,3413
TaittingerFrança (champagne),370.53,27404,Reims,706,,Marne,174478
Josep Carreras,367.46,696,Sant Llorenç d'Hortons,180,Alt Penedès,Barcelona,2428
Ferré i Catasús,367.21,582,La Granada,4573,Alt Penedès,Barcelona,2208
Francesc Ollé Amat,366.73,127,Castellví de Rosanes,137,Baix Llobregat,Barcelona,1933
Castell de Marmeralt,364.37,22710,Les Masies de Voltregà,460,Osona,Barcelona,3132
Celler Mariol,364.3,1368,Batea,469,Terra Alta,Tarragona,1901
Cum Laude,364.09,81723,Sant Sadurní d'Anoia,100,Alt Penedès,Barcelona,12841
Lluís Guitart,363.55,89625,Artés,451,Bages,Barcelona,5762
Maria Oliver Portí,363.16,4679,Sant Sadurní d'Anoia,206,Alt Penedès,Barcelona,12841
Grau Dòria,362.62,55420,Canyelles,152,Garraf,Barcelona,4699
RS Ràfols Surià,361.75,8646,Sant Sadurní d'Anoia,303,Alt Penedès,Barcelona,12841
Esmel J. Esmel San Sadurní de Noya,360.7,1165,Sant Sadurní d'Anoia,126,Alt Penedès,Barcelona,12841
Alella Vinícola Can Jonc,360.41,12744,Alella,6,Maresme,Barcelona,9904
Gabarró Isart,357.91,2156,Piera,143,Anoia,Barcelona,16134
Civ & CivItàlia,357.82,2219,Castelfranco Emilia,658,,Modena,30933
Mil·liari,357.51,230,La Bisbal del Penedès,240,Baix Penedès,Tarragona,3631
Olivella Ventosa,357.47,12350,Font-Rubí,267,Alt Penedès,Barcelona,1414
Pagès & Entrena,357.35,147361,Piera,270,Anoia,Barcelona,16134
Grimau de Pujades - M. T.,355.14,120794,Olèrdola,6149,Alt Penedès,Barcelona,3768
Samuntà,355.1,140346,Olèrdola,5497,Alt Penedès,Barcelona,3768
Àngela Marquès Rigol,354.66,2049,Torrelavit,505,Alt Penedès,Barcelona,1422
Abadia de Montserrat - M,351.79,135091,Puerto de Santa Maria,6799,,Cádiz,89960
Grup Sèries - Diari Tarragona,351.57,2471,-,520,,,
Via de la Plata - E,347.53,133113,Almendralejo,367,Tierra de Barros,Badajoz,34284
Bodegas Bilbainas - E,347.47,336,Haro,41,,La Rioja,11979
Conde de Valicourt,346.48,23994,Sant Sadurní d'Anoia,92,Alt Penedès,Barcelona,12841
Delapierre,345.81,6926,Sant Sadurní d'Anoia,111,Alt Penedès,Barcelona,12841
Joan Piñol Torrents,345.03,67745,El Pla del Penedès,176,Alt Penedès,Barcelona,1275
Domènec Jové Martí,344.62,3342,Sant Martí Sarroca,113,Alt Penedès,Barcelona,3261
Pont Vell,344.34,1217,Montblanc,291,Conca de Barberà,Tarragona,7379
Talino - Pervers d'Talino,344.04,98469,Sitges,5904,Garraf,Barcelona,29553
Masia Sagué,343.52,353,Les Cabanyes,384,Alt Penedès,Barcelona,1012
Farré-Garriga,343.4,1987,Caldes de Malavella,128,Selva,Girona,7872
Dama de Coll de Juny,341.41,2155,Sant Sadurní d'Anoia,508,Alt Penedès,Barcelona,12841
Babot,340.84,60643,Sant Sadurní d'Anoia,19,Alt Penedès,Barcelona,12841
Duque de Montebello,338.65,1637,Viladecans,118,Baix Llobregat,Barcelona,67197
Carles Rocha,338.14,1290,Matadepera,68,Vallès Occidental,Barcelona,9496
Vidal i Ferré,337.55,360,Aiguamúrcia,368,Alt Camp,Tarragona,930
"Roederer, LouisFrança (champagne)",337.04,43663,Reims,707,,Marne,174478
Musteus,336.89,47475,La Bisbal del Penedès,4579,Baix Penedès,Tarragona,3631
Grivà - (M),334.59,132193,Sils,6699,Selva,Girona,6219
"Abelé, HenriFrança (champagne)",334.13,8095,Reims,655,,Marne,174478
Botigues - Celler de Gelida,333.61,34542,Gelida,487,Alt Penedès,Barcelona,7670
Mas Comtal,333.6,979,Avinyonet del Penedès,241,Alt Penedès,Barcelona,1697
Guillem Carol,332.96,18586,Subirats,156,Alt Penedès,Barcelona,3104
Almirall,332.82,26225,Sant Sadurní d'Anoia,7,Alt Penedès,Barcelona,12841
L'Alzinar,332.25,5058,Sant Sadurní d'Anoia,194,Alt Penedès,Barcelona,12841
Cuscó Berga,331.55,58188,Avinyonet del Penedès,101,Alt Penedès,Barcelona,1697
Beneit,331.22,1440,Sant Sadurní d'Anoia,31,Alt Penedès,Barcelona,12841
Marcet,330.5,995,Sant Sadurní d'Anoia,204,Alt Penedès,Barcelona,12841
Sanstravé E,330.39,1369,Solivella,336,Conca de Barberà,Tarragona,632
Mas Candí,329.88,128621,Avinyonet del Penedès,4093,Alt Penedès,Barcelona,1697
Reymos - E,329.44,36678,Xeste,4090,,València,9022
Isabel Ventura Mavlyutova,329.42,76519,Subirats,4474,Alt Penedès,Barcelona,3104
Sardà - (M.),328.65,827,Castellví de la Marca,437,Alt Penedès,Barcelona,1575
Eulàlia de Pons,328.27,12456,La Granada,481,Alt Penedès,Barcelona,2208
Torres Prunera,328.18,41307,Vilafranca del Penedès,425,Alt Penedès,Barcelona,40154
Rekondo,327.63,10126,El Masnou,8725,Maresme,Barcelona,23831
RI - I.C.R.FItàlia,327.05,2217,-,826,,,
Aires de Tramuntana,326.86,1926,Vilamalla,4465,Alt Empordà,Girona,1161
Mas Mascort,326.59,32214,Sant Quintí de Mediona,3547,Alt Penedès,Barcelona,2317
Solà Raventós,325.75,51444,Sant Sadurní d'Anoia,343,Alt Penedès,Barcelona,12841
Bonaval - E,325.23,137796,Almendralejo,48,Tierra de Barros,Badajoz,34284
Alsinac,324.71,29858,Vilafranca del Penedès,3358,Alt Penedès,Barcelona,40154
Mas Montcau,324.71,329,Sant Sadurní d'Anoia,225,Alt Penedès,Barcelona,12841
Cal Damià,324.35,908,Sant Sadurní d'Anoia,54,Alt Penedès,Barcelona,12841
Renardes,324.25,48815,El Pla del Penedès,572,Alt Penedès,Barcelona,1275
Magust,320.38,100,Sant Pere de Riudebitlles,203,Alt Penedès,Barcelona,2380
Joan i Pere Pons Font,320.11,148,La Granada,175,Alt Penedès,Barcelona,2208
Butí Masana,320.05,72105,Sant Sadurní d'Anoia,52,Alt Penedès,Barcelona,12841
Tutusaus,319.36,67300,Olesa de Bonesvalls,357,Alt Penedès,Barcelona,1840
Portium,319.1,48284,Masquefa,4535,Anoia,Barcelona,9402
Medici ErmeteItàlia,319.07,2863,Reggio Emilia,660,,Reggio Emilia,167678
Restauració,318.97,3791,-,3,,,
Coop. Nulles,318.89,49,Nulles,97,Alt Camp,Tarragona,509
Coop. L'Espluga de Francolí,318.79,922,L'Espluga de Francolí,96,Conca de Barberà,Tarragona,3736
Marquès de Sarnella,318.65,24305,Girona,3513,Gironès,Girona,103369
Terra Terrae,318.5,151007,Vilafranca del Penedès,6299,Alt Penedès,Barcelona,40154
Bodegas Vegamar - M,318.38,46457,Calles,3369,Serrans,València,355
Analec,317.6,51092,Nalec,4040,Urgell,Lleida,90
Associacions i clubs,317.48,107027,-,395,,,
D'Abbatis,317.31,26961,La Secuita,4538,Tarragonès,Tarragona,1708
Cal Puig,316.37,47364,Calella,4370,Maresme,Barcelona,19277
Laviret,315.59,115455,Blanes,6234,Selva,Girona,39914
Sala Casanovas,314.34,6079,Barcelona,651,Barcelonès,Barcelona,1664182
Mas Macià,314.01,3897,Òdena,224,Anoia,Barcelona,3668
Montsant,313.87,351,Sant Sadurní d'Anoia,399,Alt Penedès,Barcelona,12841
BollingerFrança (champagne),313.84,15505,Aÿ-Champagne,653,,Marne,5841
Castell de la Comanda,313.71,2377,Barberà de la Conca,552,Conca de Barberà,Tarragona,471
Elementum Ad Fontes,313.2,216276,Sant Sadurní d'Anoia,6164,Alt Penedès,Barcelona,12841
Avida Cava,313.02,22268,L'Hospitalet de Llobregat,3323,Barcelonès,Barcelona,269382
Can Ramon Viticultors de Montgros,312.51,35596,Sant Pere de Ribes,4187,Garraf,Barcelona,31111
Reverté,312.15,48796,Salomó,3995,Tarragonès,Tarragona,549
Artis Arrufat,310.3,805,Vallirana,14,Baix Llobregat,Barcelona,15312
Roger Bertrand,310.18,39205,Sant Sadurní d'Anoia,560,Alt Penedès,Barcelona,12841
Descregut,309.41,114884,Vilobí del Penedès,8278,Alt Penedès,Barcelona,1102
Decordi VinicolaItàlia (ICRF),309.33,37238,Motta Baluffi,844,,Cremona,968
Laurent PerrierFrança (champagne),308.73,2715,Tours-sur-Marne,657,,Marne,1207
Clos La Soleya - (de Xamfrà),308.59,135413,Sant Sadurní d'Anoia,7585,Alt Penedès,Barcelona,12841
Markel,308.34,13118,Santa Margarida i els Monjos,402,Alt Penedès,Barcelona,7676
2004,308.04,1479,-,470,,,
Antonieta Batllori,307.09,2932,Subirats,478,Alt Penedès,Barcelona,3104
Pago de Tharsys - E,306.72,28468,REQUENA,832,Plana d'Utiel,València,20254
Fèlix Massana Ràfols,306.25,87309,Subirats,472,Alt Penedès,Barcelona,3104
Pere Munné Duran,306.16,210,Piera,284,Anoia,Barcelona,16134
Mas Pujadó,306.14,96592,Subirats,227,Alt Penedès,Barcelona,3104
L'Aixertell,305.41,2054,Sant Sadurní d'Anoia,193,Alt Penedès,Barcelona,12841
Mazard - Heretat Cal Rubio,304.33,2668,Santa Margarida i els Monjos,441,Alt Penedès,Barcelona,7676
Solés & Salvà,304.03,20176,Girona,7907,Gironès,Girona,103369
Rosa Maria Torres,303.53,10270,Sarral,321,Conca de Barberà,Tarragona,1538
Coll Font,303.48,1291,Sant Pere de Ribes,89,Garraf,Barcelona,31111
Alba Blanc,302.39,2,-,4,,,
Robert de Tamir,301.44,3439,Vilafranca del Penedès,6265,Alt Penedès,Barcelona,40154
La Xarmada,300.87,4391,Pacs del Penedès,192,Alt Penedès,Barcelona,918
Torres Valls,299.6,2000,Vilafranca del Penedès,426,Alt Penedès,Barcelona,40154
Mas Galí,298.95,44478,Sant Sadurní d'Anoia,1367,Alt Penedès,Barcelona,12841
Joan Colet Rius,298.39,168834,Sant Sadurní d'Anoia,4186,Alt Penedès,Barcelona,12841
Gibasch,298.11,880,Sant Sadurní d'Anoia,147,Alt Penedès,Barcelona,12841
Abbazia VinicolaItàlia (ICRF),297.85,34326,Santo Stefano Belbo,840,,Cuneo,4036
Coop. Vila-Rodona,297.78,709,Vila-Rodona,98,Alt Camp,Tarragona,1276
PommeryFrança (champagne),297.77,2598,Reims,677,,Marne,174478
Puigmoltó,297.4,13455,Castellet i la Gornal,300,Alt Penedès,Barcelona,2382
Ca' de MediciItàlia,295.85,2223,,1067,,,
Amorany,295.08,160266,Tiana,8159,Maresme,Barcelona,8945
Painous,295.01,2066,Torrelles de Foix,506,Alt Penedès,Barcelona,2398
Vimont,294.15,41333,Sant Sadurní d'Anoia,3689,Alt Penedès,Barcelona,12841
Pedro Masana,294.09,25868,Barcelona,279,Barcelonès,Barcelona,1664182
Freixenet - Casa Sala,294.01,62763,Sant Quintí de Mediona,4468,Alt Penedès,Barcelona,2317
Catasús & Casanovas,293.98,1777,Sant Sadurní d'Anoia,80,Alt Penedès,Barcelona,12841
Peret-Fuster,293.91,96567,-,5254,,,
Arnan Deloi,293.73,814,Torrelles de Foix,438,Alt Penedès,Barcelona,2398
Miguel TorresXile,292.99,9862,Curicó,1278,,Curicó,160589
Albert Perrín,292.86,2819,Sant Sadurní d'Anoia,565,Alt Penedès,Barcelona,12841
Vins del Terme - (Masachs),292.38,198950,Vilafranca del Penedès,8270,Alt Penedès,Barcelona,40154
Isach Balcells,292.3,25687,Sant Sadurní d'Anoia,163,Alt Penedès,Barcelona,12841
Perecaula,292.04,119819,Vilafranca del Penedès,6005,Alt Penedès,Barcelona,40154
Palau Solà,291.97,149,El Pla del Penedès,272,Alt Penedès,Barcelona,1275
Mas Jornet,291.93,1583,Santa Margarida i els Monjos,223,Alt Penedès,Barcelona,7676
Josep Llopart,291.91,9349,-,3264,,,
Martí Grau,291.89,114143,Sant Martí Sarroca,6086,Alt Penedès,Barcelona,3261
Na Sol de Rechenna - E,291.15,43359,Requena,4270,Plana d'Utiel,València,20254
Ivette,290.95,210719,Sant Sadurní d'Anoia,5896,Alt Penedès,Barcelona,12841
Ivan Saldanya,290.84,1863,Cabrera d'Anoia,164,Anoia,Barcelona,1482
De Muller,289.81,34851,Reus,4357,Baix Camp,Tarragona,106168
Heretat Mont-Rubí,289.66,815,Font-Rubí,159,Alt Penedès,Barcelona,1414
Clos Montblanc,289.54,39395,Barberà de la Conca,4174,Conca de Barberà,Tarragona,471
Celler Sant Ponç,289.32,1434,L'Arboç,83,Baix Penedès,Tarragona,5609
Genís Ricart,288.89,173,Castellví de la Marca,146,Alt Penedès,Barcelona,1575
Don Conde,288.5,561,Sant Sadurní d'Anoia,115,Alt Penedès,Barcelona,12841
Xamós,288.15,2036,Barcelona,381,Barcelonès,Barcelona,1664182
RuinartFrança (champagne),287.85,5474,Reims,696,,Marne,174478
Lalanne - E,287.34,4851,Barbastro,612,,Huesca,17558
Billecart-SalmonFrança (champagne),287.22,3425,Aÿ-Champagne,667,,Marne,5841
Cum Laude - CP,286.82,120354,Sant Sadurní d'Anoia,5895,Alt Penedès,Barcelona,12841
Josepha Seve Marigó,286.17,1431,Sant Sadurní d'Anoia,184,Alt Penedès,Barcelona,12841
Senyor de Mont-Palau,285.96,98833,La Granada,452,Alt Penedès,Barcelona,2208
VG Vicente Gandia,285.39,86069,Chiva,9050,,València,17245
Chamcalet,284.88,92101,Sant Sadurní d'Anoia,5209,Alt Penedès,Barcelona,12841
Valldegata - M,284.78,9872,Arenys de Mar,213,Maresme,Barcelona,15941
Teresa Mata,284.33,978,Sant Sadurní d'Anoia,457,Alt Penedès,Barcelona,12841
Cavalló Graula,284.3,51129,Gavà,4194,Baix Llobregat,Barcelona,47057
Dogma,284.24,73489,Pontons,404,Alt Penedès,Barcelona,528
Sala VivéMèxic,283.72,6896,Santiago de Querétaro,1328,,Querétaro,794789
Marc Martí,283.67,29783,Sant Sadurní d'Anoia,516,Alt Penedès,Barcelona,12841
Duc de Rosanes,283.42,1483,Castellví de Rosanes,477,Baix Llobregat,Barcelona,1933
Cup de Cairons,282.86,793,Sant Joan Despí,4519,Baix Llobregat,Barcelona,34267
Ana Ferret Raventós,282.08,1394,Sant Pere de Riudebitlles,473,Alt Penedès,Barcelona,2380
Joan Rovira Baqués,281.41,74264,Sant Sadurní d'Anoia,5108,Alt Penedès,Barcelona,12841
Miquel Pons Montargull,280.96,4267,-,7325,,,
Pere Barnada,279.97,58574,Barcelona,2679,Barcelonès,Barcelona,1664182
Empordàlia,279.26,95987,Vilajuïga,4695,Alt Empordà,Girona,1116
Suriol,279.06,1421,Font-Rubí,58,Alt Penedès,Barcelona,1414
Ninavinatera,278.36,149289,Barcelona,7287,Barcelonès,Barcelona,1664182
Celler dels Plans,276.99,32219,Barcelona,3603,Barcelonès,Barcelona,1664182
Joan Bundó Pons,276.93,539,Pacs del Penedès,173,Alt Penedès,Barcelona,918
Emilia Freixedas,276.81,70060,El Vendrell,4570,Baix Penedès,Tarragona,38373
Casamartina i Malet,276.4,2128,-,70,,,
Vardon Kennett - de Miguel Torres S.A.,276.4,142356,Mediona,7040,Alt Penedès,Barcelona,2369
Vilajó,276.37,1945,Capellades,373,Anoia,Barcelona,5342
Mar Salada By I Tant Vins,276.21,118989,Castelldefels,6875,Baix Llobregat,Barcelona,67460
Amànima,275.92,122577,Sant Sadurní d'Anoia,5968,Alt Penedès,Barcelona,12841
Rubinat,275.86,84303,Sant Sadurní d'Anoia,3754,Alt Penedès,Barcelona,12841
Ramon Nadal Giró,275.4,19591,El Pla del Penedès,483,Alt Penedès,Barcelona,1275
Durand Vve.França (champagne),275.27,10363,-,1821,,,
Botigues,275.04,1196,-,487,,,
Xepitus,274.92,36982,Sant Sadurní d'Anoia,573,Alt Penedès,Barcelona,12841
Duc de Benach,274.04,13254,La Granada,6270,Alt Penedès,Barcelona,2208
Bodegas Bordejé - E,273.5,3816,Ainzón,577,,Zaragoza,1043
Perrier JouetFrança (champagne),272.17,33734,Épernay,765,,Marne,22022
Pedro Rovira,272.08,2125,,280,,,
Bastets,271.58,89831,Sarral,5487,Conca de Barberà,Tarragona,1538
Mas Cancolomé,271.47,60820,Castellet i la Gornal,4987,Alt Penedès,Barcelona,2382
Piteus - (M),271.11,5857,Sant Andreu de la Barca,6546,Baix Llobregat,Barcelona,27569
Francesc Ollé Amat - (M.),270.86,138629,Castellví de Rosanes,5375,Baix Llobregat,Barcelona,1933
Masia Perelada,270.7,72272,Peralada,5070,Alt Empordà,Girona,1898
Muscàndia,270.14,127751,Sant Sadurní d'Anoia,5220,Alt Penedès,Barcelona,12841
Coop. Cambrils,269.92,46,CAMBRILS,95,Baix Camp,Tarragona,34734
Cristina Ventura - C V,269.51,84150,Sant Sadurní d'Anoia,5285,Alt Penedès,Barcelona,12841
L'Olivera,269.38,57069,Vallbona de les Monges,2438,Urgell,Lleida,243
Celler Cooperatiu  La Granada,269.08,19737,La Granada,82,Alt Penedès,Barcelona,2208
Trias-Batlle (M.),268.31,105315,Vilafranca del Penedès,6423,Alt Penedès,Barcelona,40154
Castell de Pujades,268.3,152461,Barcelona,6325,Barcelonès,Barcelona,1664182
Claverol,268.23,2016,Subirats,501,Alt Penedès,Barcelona,3104
Ball i Gran,268.08,802,Sant Sadurní d'Anoia,24,Alt Penedès,Barcelona,12841
Coviñas - E,267.96,43762,Requena,4274,Plana d'Utiel,València,20254
Maians Vell,266.52,33088,Castellfollit del Boix,396,Bages,Barcelona,447
Celler Batlle,266.24,87053,Avinyonet del Penedès,748,Alt Penedès,Barcelona,1697
Ses Vernes,265.86,73414,Blanes,5484,Selva,Girona,39914
Gavarnié,265.21,630,Piera,144,Anoia,Barcelona,16134
Oficials,265.06,1520,-,105,,,
Vega Medien - E,265.02,45299,Requena,3480,Plana d'Utiel,València,20254
Monjoy,263.88,629,Sant Pere de Riudebitlles,248,Alt Penedès,Barcelona,2380
Anglada,263.3,2291,Sant Sadurní d'Anoia,10,Alt Penedès,Barcelona,12841
Espinaler,262.17,133438,Vilassar de Mar,7428,Maresme,Barcelona,21035
Lombardini CantineItàlia,261.98,17482,Novellara,888,,Reggio Emilia,13623
Palacio de Bornos - E,261.95,8702,Rueda,833,,Valladolid,1103
Commemoratives,261.92,9430,-,737,,,
DeutzFrança (champagne),261.57,4205,Aÿ-Champagne,684,,Marne,5841
Matèria Viva Siglo XIX La Phylloxera,261.51,919,Vallromanes,4682,Vallès Oriental,Barcelona,2558
Sense alcohol,259.96,144148,-,8731,,,
Pere Mata,259.44,1510,Sant Sadurní d'Anoia,283,Alt Penedès,Barcelona,12841
Xebrat,259.39,813,Sant Sadurní d'Anoia,443,Alt Penedès,Barcelona,12841
Bellavita Casa Vin.Itàlia,259.39,2865,Missaglia,2737,,Lecco,8487
Gran d'Art,259.15,8259,Subirats,492,Alt Penedès,Barcelona,3104
Castell de Biart,257.64,11275,Masarac i Vilarnadal,511,Alt Empordà,Girona,288
Juan Mestre,257.49,98,Tiana,186,Maresme,Barcelona,8945
M. Bosch,257.33,44327,Granollers,4971,Vallès Oriental,Barcelona,62419
Roger Marsal,257.23,1397,Sant Sadurní d'Anoia,474,Alt Penedès,Barcelona,12841
Pirules d'Altres Autonomies,257.03,155265,-,3925,,,
Portell I Farrús,256.91,838,Piera,294,Anoia,Barcelona,16134
Pedro J. Ventura,256.75,939,Sant Sadurní d'Anoia,455,Alt Penedès,Barcelona,12841
Piper - HeidsieckFrança (champagne),256.62,68013,Reims,722,,Marne,174478
Coop. Albinyana,256.08,32720,Albinyana,496,Baix Penedès,Tarragona,2468
Giró del Gorner,255.94,2126,Puigdàlber,149,Alt Penedès,Barcelona,524
"Vivas Bou, J.",255.84,13673,Barcelona,670,Barcelonès,Barcelona,1664182
ChiarliItàlia,255.82,26234,Modena,664,,Modena,184153
Bodegas Hispano Suizas - E,255.11,7866,València,3906,València,València,794288
Vell Tribac,254.54,3818,Maçanet de la Selva,362,Selva,Girona,7066
Castell de Calders,254.46,391,Reus,4961,Baix Camp,Tarragona,106168
Raventós Soler,254.33,16405,Sant Sadurní d'Anoia,308,Alt Penedès,Barcelona,12841
Montau de Sadurní,253.42,1808,Begues,250,Baix Llobregat,Barcelona,7300
Carta Universal,253.41,2153,Sant Sadurní d'Anoia,69,Alt Penedès,Barcelona,12841
Barraló,253.22,1499,Sant Sadurní d'Anoia,27,Alt Penedès,Barcelona,12841
Emprius,253.12,72913,La Garriga,5076,Vallès Oriental,Barcelona,16668
Palau & Farré,252.43,59213,Gelida,271,Alt Penedès,Barcelona,7670
Villa Conchi - Bodegas Villa Conchi,252.2,100487,Vila-Rodona,5751,Alt Camp,Tarragona,1276
Montferry,251.99,441,Santa Margarida i els Monjos,252,Alt Penedès,Barcelona,7676
Quilez,251.75,2336,Barcelona,302,Barcelonès,Barcelona,1664182
Arjau,251.62,1459,Palafrugell,13,Baix Empordà,Girona,23244
Beatriz de Cardauneur,251.54,303,Vilafranca del Penedès,29,Alt Penedès,Barcelona,40154
Puig Amat,251.22,3985,Bell-lloc d'Urgell,298,Pla d'Urgell,Lleida,2335
Pere Abadal,250.26,1492,Barcelona,282,Barcelonès,Barcelona,1664182
Ramón Raventós,250.12,149868,Avinyonet del Penedès,7696,Alt Penedès,Barcelona,1697
Masia Freixe,249.83,695,Piera,762,Anoia,Barcelona,16134
Grabuach,248.17,358,Font-rubí,151,Alt Penedès,Barcelona,1414
Biel-lo,247.75,9487,La Llacuna,4198,Anoia,Barcelona,903
Zuviria,247.4,41129,Banyeres del Penedès,4765,Baix Penedès,Tarragona,3207
Campo Viejo - M,246.94,83184,Logroño,3482,,La Rioja,151164
Josep M. Ferret Guasch,246.78,31706,Font-Rubí,182,Alt Penedès,Barcelona,1414
LafitteFrança (champagne),246.67,3969,Pauillac,2080,,Gironda,1274
MercierFrança (champagne),246.42,4156,Épernay,691,,Marne,22022
Mont d'Arac,246.23,68702,Vilobí del Penedès,462,Alt Penedès,Barcelona,1102
Gran Sativa,244.78,164221,Sant Sadurní d'Anoia,4521,Alt Penedès,Barcelona,12841
Maria Isabel León,244.21,16632,-,8554,,,
1714,244.16,10466,Castellví de la Marca,5962,Alt Penedès,Barcelona,1575
Genèriques - Champ. ClassiquesFrança (champagne),244.16,6855,-,3927,,,
Rocabruna,244.13,9166,Torrelavit,316,Alt Penedès,Barcelona,1422
Bartolí,243.94,13965,Sant Sadurní d'Anoia,28,Alt Penedès,Barcelona,12841
Giacobazzi -Itàlia (ICRF),243.93,68919,Modena,809,,Modena,184153
Esplet de Gran Anyada,243.69,13462,Esparreguera,4363,Baix Llobregat,Barcelona,22302
Tura D'Arnau,243.55,1433,Terrassa,356,Vallès Occidental,Barcelona,223627
Gaya & Aguilera,243.45,2200,Santa Oliva,145,Baix Penedès,Tarragona,3353
"Compañía Champañera, S.A.",243.12,2114,Sant Sadurní d'Anoia,53,Alt Penedès,Barcelona,12841
Font i Jordana,242.12,3064,Les Franqueses del Vallès,133,Vallès Oriental,Barcelona,20364
Torrallardona,241.85,59007,Sant Sadurní d'Anoia,3303,Alt Penedès,Barcelona,12841
Hoya de Cadenas - M,241.7,46955,Chiva,4328,,València,17245
Mont Charell - C.P.,241.48,55201,Sant Sadurní d'Anoia,4612,Alt Penedès,Barcelona,12841
Catania,241.16,106396,Terrassa,3316,Vallès Occidental,Barcelona,223627
Mont Caranac,241.13,22863,L'Arboç,3357,Baix Penedès,Tarragona,5609
Heidsieck MonopoleFrança (champagne),241.09,24349,Reims,1999,,Marne,174478
Abbazia VinicolaItàlia (ICRF),241.09,12904,-,840,,,
Domènech Ferrer,240.88,1913,La Granada,114,Alt Penedès,Barcelona,2208
Celler Can Pereclara,240.37,55203,Calonge i Sant Antoni,568,Baix Empordà,Girona,11331
Varis Marquistes,239.74,91119,-,8563,,,
Charlotte Rigaud,239.66,132016,-,7886,,,
"Empreses, sèries",239.42,3097,-,4009,,,
FeuillatteFrança (champagne),238.34,15140,-,757,,,
Bodegas Muga - E,238.05,98941,-,713,,,
Roca Gibert,237.47,45006,Sant Sadurní d'Anoia,418,Alt Penedès,Barcelona,12841
Joan Marina,237.38,9691,Sant Sadurní d'Anoia,761,Alt Penedès,Barcelona,12841
Entrena & Prados,236.97,439,TERRASSA,124,Vallès Occidental,Barcelona,223627
Can Morral del Molí,236.6,120939,Abrera,5764,Baix Llobregat,Barcelona,12538
Paul Cheneau,236.57,13420,Santa Fe del Penedès,277,Alt Penedès,Barcelona,367
Giacobazzi -Itàlia,236.49,9615,-,809,,,
1909,236.19,141640,-,7329,,,
Coop. Agrícola Garriguella,235.9,104595,Garriguella,5866,Alt Empordà,Girona,853
Joan Ferrer Bigorra,235.72,34146,OLESA DE MONTSERRAT,3595,Baix Llobregat,Barcelona,24144
Lligams,235.18,90774,Viladecans,5743,Baix Llobregat,Barcelona,67197
L'Anae,234.85,98590,Vilanova del Vallès,5109,Vallès Oriental,Barcelona,5503
Caytusa - E,234.6,34857,Ainzón,585,,Zaragoza,1043
Castell de Bell Esguard,234.57,1497,-,72,,,
Vinya de Coll-Bas,234.48,21726,Sant Joan Despí,3356,Baix Llobregat,Barcelona,34267
Universitat Rovira i Virgili,234.23,2397,Constantí,5903,Tarragonès,Tarragona,6665
Lincon,234.18,2665,Sant Sadurní d'Anoia,199,Alt Penedès,Barcelona,12841
Coop. Calafell,233.73,18578,Calafell,495,Baix Penedès,Tarragona,27601
Mas Romaní,232.63,31874,Font-Rubí,576,Alt Penedès,Barcelona,1414
Just Presents,232.36,3403,Piera,189,Anoia,Barcelona,16134
Masia Can Mayol,231.75,2060,Vilobí del Penedès,233,Alt Penedès,Barcelona,1102
CinzanoItàlia,231.69,10827,-,666,,,
LansonFrança (champagne),231.55,49657,-,2098,,,
F. Baqués Rovira,231.17,1598,Santa Margarida i els Monjos,25,Alt Penedès,Barcelona,7676
Mont Paral,231.09,13660,Castellví de Rosanes,3300,Baix Llobregat,Barcelona,1933
Ametller,230.99,199435,La Morera de Montsant,416,Priorat,Tarragona,159
Blanca Flor,230.23,28428,Blancafort,498,Conca de Barberà,Tarragona,382
S. Roig,229.81,10490,Sant Sadurní d'Anoia,3514,Alt Penedès,Barcelona,12841
Silvia Cusachs,229.8,808,Sant Pere de Riudebitlles,439,Alt Penedès,Barcelona,2380
Almuzara Carreras,229.71,628,Sant Llorenç d'Hortons,8,Alt Penedès,Barcelona,2428
RR Sadurní,229.65,37083,Olèrdola,4188,Alt Penedès,Barcelona,3768
Viladellops,229.18,1570,Olèrdola,372,Alt Penedès,Barcelona,3768
Portabella & Coma - M,229.14,2157,Palma de Mallorca,292,,Illes Balears,430640
De CazanoveFrança (champagne),229.09,10622,-,764,,,
Cap de Ruc,228.98,129919,Cornudella de Montsant,5921,Priorat,Tarragona,944
El Meu Avi,228.92,29499,Sant Sadurní d'Anoia,8876,Alt Penedès,Barcelona,12841
Comte de BrismandFrança (champagne),228.91,18817,-,3387,,,
Chateau d'Arnoc,228.82,9345,Masquefa,482,Anoia,Barcelona,9402
Joan Francesc,228.67,3947,-,3458,,,
Jung Redemann,228.62,1247,-,188,,,
Helenia,228.56,45083,BARCELONA,4429,Barcelonès,Barcelona,1664182
Xavier Tous Font,228.14,21475,Subirats,383,Alt Penedès,Barcelona,3104
Prada a Tope - E,228.05,4725,Arganza,3257,,León,805
Vendrell & Baqués,227.75,14674,Avinyonet del Penedès,6273,Alt Penedès,Barcelona,1697
"Associacions i clubs, sèries",227.21,89958,-,4018,,,
Bodegas Trobat,226.92,43791,Garriguella,4884,Alt Empordà,Girona,853
Sants Farré,226.65,89336,-,339,,,
Josep Foraster,226.36,136873,Montblanc,6881,Conca de Barberà,Tarragona,7379
2005,225.86,151889,-,7259,,,
Union de St-GallFrança (champagne),225.56,6848,-,775,,,
Josep Mitjans,225.42,13101,-,3288,,,
Perbat,225.1,1007,Torrelavit,281,Alt Penedès,Barcelona,1422
DelamotteFrança (champagne),224.78,2713,-,741,,,
Francesc Ricart - M,224.72,97914,Logroño,5665,,La Rioja,151164
ChanoineFrança (champagne),224.61,16684,-,1588,,,
Estel d'argent,224.31,52900,-,4585,,,
Empreses - Hite,223.92,3212,-,108,,,
Barnils,223.39,375,Castelldefels,4796,Baix Llobregat,Barcelona,67460
DrappierFrança (champagne),222.87,2824,-,1072,,,
La Gresca - Vinos del Paseante la Gresca,222.22,108527,Sant Sadurní d'Anoia,5967,Alt Penedès,Barcelona,12841
Jean Perico,221.19,2731,Sant Sadurní d'Anoia,562,Alt Penedès,Barcelona,12841
Vila i Durán,221.15,2074,-,369,,,
Costers del Sió,220.93,113986,Balaguer,5906,Noguera,Lleida,17472
Catalonia,220.56,31031,Sitges,5523,Garraf,Barcelona,29553
Fríguls,220.1,1203,Sant Sadurní d'Anoia,140,Alt Penedès,Barcelona,12841
Cellers Camp de Tarragona,219.85,999,La Secuita,391,Tarragonès,Tarragona,1708
MartiniItàlia,218.96,2860,-,665,,,
Blanch,218.93,1578,Puigpelat,38,Alt Camp,Tarragona,1163
Volaverunt,218.49,3328,-,3934,,,
Pendents - General,218.46,138203,-,8293,,,
Moliner & Camps,218.4,46597,Sant Sadurní d'Anoia,4338,Alt Penedès,Barcelona,12841
ChenetFrança (mousseux),218.33,5624,-,945,,,
Lo Castell de Baix,218.09,10242,-,3461,,,
Vinícola del Nordest,217.26,11076,Mollet de Peralada,376,Alt Empordà,Girona,198
Mas de Sant Iscle,216.99,69677,Sant Fruitós de Bages,222,Bages,Barcelona,8837
Marc Miquel Forés,216.79,16683,-,607,,,
Batllori,216.63,198924,Subirats,9144,Alt Penedès,Barcelona,3104
Mas Xarot,216.56,27769,Sant Sadurní d'Anoia,893,Alt Penedès,Barcelona,12841
Marina & Oriol,216.5,53634,Cunit,5342,Baix Penedès,Tarragona,13533
Permont's,216.31,207768,Sant Sadurní d'Anoia,4550,Alt Penedès,Barcelona,12841
Ballesgran,216.07,3936,-,580,,,
Calderé,215.71,1147,El Pla del Penedès,55,Alt Penedès,Barcelona,1275
Juan Pagès,215.29,64166,Piera,493,Anoia,Barcelona,16134
Elionor de Broch,215.13,31833,Sant Sadurní d'Anoia,3399,Alt Penedès,Barcelona,12841
Castell del Mirall,214.31,635,La Granada,75,Alt Penedès,Barcelona,2208
Galda,214.3,95591,Òdena,5805,Anoia,Barcelona,3668
MartelFrança (champagne),214.21,17370,-,2230,,,
Marguery (M.),213.85,29706,Barcelona,4123,Barcelonès,Barcelona,1664182
Cal Llusià,213.53,58674,Artés,735,Bages,Barcelona,5762
EmilleFrança (champagne),212.73,17423,-,1832,,,
Vives Molins,212.43,8710,-,3321,,,
Joan Segura Pujadas,212.06,878,Torrelavit,178,Alt Penedès,Barcelona,1422
Gabarró Isart - M,211.97,158243,Piera,7295,Anoia,Barcelona,16134
Castells Vintró,211.57,4043,Sant Sadurní d'Anoia,78,Alt Penedès,Barcelona,12841
Via Mercadera,211.44,7896,-,601,,,
Barza,210.97,54113,Brussels,4610,,Brussel·les-Capital,195546
"Genèriques - ""Champagne"" (litografiades)França (champagne)",210.74,11792,-,8890,,,
Bodegas Romale - E,210.44,38050,Almendralejo,3530,Tierra de Barros,Badajoz,34284
Jaume Grau Grau,210.38,41901,Castellfollit del Boix,4240,Bages,Barcelona,447
Bodegas Castaño - E,209.91,3563,Yecla,42,,Murcia,35957
Eloqüent - (Covides),209.91,228151,Vilafranca del Penedès,8422,Alt Penedès,Barcelona,40154
Nitus,209.73,460,Sant Sadurní d'Anoia,410,Alt Penedès,Barcelona,12841
Colom - Restauració,209.7,11726,,3,,,
Mont Carmany,209.46,9153,Bell-lloc d'Urgell,427,Pla d'Urgell,Lleida,2335
Celler Roca Grossa,209.04,13365,Lloret de Mar,3548,Selva,Girona,39089
Castell de Leonard,208.99,5891,Piera,715,Anoia,Barcelona,16134
Vinya Le Boixet,208.93,3880,Sant Llorenç d'Hortons,564,Alt Penedès,Barcelona,2428
Pacto de Familia,208.66,43870,Sant Llorenç d'Hortons,608,Alt Penedès,Barcelona,2428
Lleser de Virós,208.55,57702,Pacs del Penedès,3251,Alt Penedès,Barcelona,918
Fires i festes,208.47,16828,-,106,,,
Mata Gabarró,208.46,1445,Sant Sadurní d'Anoia,238,Alt Penedès,Barcelona,12841
Caber,207.98,54727,Sant Llorenç d'Hortons,747,Alt Penedès,Barcelona,2428
Espuma del Mar - M,207.97,44603,Es Castell,4271,Menorca,Illes Balears,7962
Canard - DuchêneFrança (champagne),207.76,11352,Ludes,770,,Marne,657
GossetFrança (champagne),207.58,2823,Aÿ-Champagne,705,,Marne,5841
Coop. Banyoles,206.63,4327,Banyoles,604,Pla de l'Estany,Girona,20053
Masia Ginebreda,206.46,181901,Sant Sadurní d'Anoia,5132,Alt Penedès,Barcelona,12841
Maralba,206.11,79723,Sant Sadurní d'Anoia,712,Alt Penedès,Barcelona,12841
Murviedro - M,206.1,56718,Requena,4657,Plana d'Utiel,València,20254
Particulars,205.72,115448,-,4449,,,
Divinetum,205.68,9763,-,3627,,,
Floridablanca,205.34,210036,Sant Sadurní d'Anoia,6247,Alt Penedès,Barcelona,12841
Cafe de ParisFrança (mousseux),205.21,20758,-,925,,,
Carles Pons i Espona,205.16,32164,Martorell,3467,Baix Llobregat,Barcelona,28772
MontaudonFrança (champagne),204.85,4037,Reims,711,,Marne,174478
Mungust,204.84,8756,Piera,258,Anoia,Barcelona,16134
Cremant d'AlsaceFrança (mousseux),204.34,4040,Marlenheim,954,,Bas-Rhin,3365
Molí d'en Coll,203.81,28802,Olèrdola,246,Alt Penedès,Barcelona,3768
Aregall,203.31,168102,Corbera de Llobregat,6418,Baix Llobregat,Barcelona,14882
Bodegas Martín Códax S.A. - M,203.16,129762,Cambados,7448,,Pontevedra,13752
Trepat de la Conca,202.9,22744,L'Espluga de Francolí,609,Conca de Barberà,Tarragona,3736
Núria de Montargull,202.87,153729,La Granada,7321,Alt Penedès,Barcelona,2208
GanciaItàlia,202.6,2888,Canelli,726,,Asti,10628
Varis Cava,202.37,57286,-,8562,,,
Castillo Chiara,202.34,22397,Bell-lloc d'Urgell,752,Pla d'Urgell,Lleida,2335
Pol RogerFrança (champagne),202.26,3659,Épernay,675,,Marne,22022
CavicchioliItàlia,202.17,2862,San Prospero,828,,Modena,5343
Mercat - (Xamfrà),202.16,135942,Sant Sadurní d'Anoia,7911,Alt Penedès,Barcelona,12841
Finca La Estacada - M,202.1,34231,Tarancón,3553,,Cuenca,16462
Castell de Ribes,201.35,43531,Castellbisbal,5386,Vallès Occidental,Barcelona,12540
Fiona,200.91,18131,,8820,,,
Yllera - E,200.78,24423,Rueda,553,,Valladolid,1103
Sèries,200.77,34100,-,107,,,
Félix Solís Bodegas - E,200.63,152658,Valdepeñas,7288,,Ciudad Real,30617
Mont-Picolis,200.47,154550,Vilobí del Penedès,7725,Alt Penedès,Barcelona,1102
VrankenFrança (champagne),200.39,4663,Reims,676,,Marne,174478
Consumer,200.04,1951,-,93,,,
Roser Sisó,200.03,2658,Lleida,325,Segrià,Lleida,140403
Mas Gusó,199.78,88836,Sant Pere Pescador,4813,Alt Empordà,Girona,2090
De VenogeFrança (champagne),199.72,16929,Épernay,1781,,Marne,22022
Palau Gazo,199.55,797,Castellví de la Marca,5293,Alt Penedès,Barcelona,1575
Scriptvm est,199.41,4500,Vilanova i la Geltrú,3646,Garraf,Barcelona,67733
Ondarre - E,199.37,2158,Viana,268,,Navarra,4413
Nit de Lluna Plena - E,197.84,224088,Girona,8374,Gironès,Girona,103369
Forrellad,196.56,6221,,136,,,
Josep Moris Pi,196.28,440,Sant Cugat Sesgarrigues,183,Alt Penedès,Barcelona,1009
Masia Puigdassé,196.01,9778,,4514,,,
Fermí Font,195.78,1398,Sant Sadurní d'Anoia,471,Alt Penedès,Barcelona,12841
Berral i Miró.,195.77,33379,Sant Sadurní d'Anoia,8638,Alt Penedès,Barcelona,12841
Marquès & Camps,195.6,3573,Sant Sadurní d'Anoia,208,Alt Penedès,Barcelona,12841
Miret i Rigual,195.29,32002,Sant Cugat Sesgarrigues,409,Alt Penedès,Barcelona,1009
Coop Agrícola Garriguella,195.07,118795,Garriguella,6453,Alt Empordà,Girona,853
MionettoItàlia,193.62,2879,Valdobbiadene,758,,Treviso,11223
JacquartFrança (champagne),192.82,10730,Reims,716,,Marne,174478
Ca l'Eugeni,192.81,24798,SANT SADURNÍ D'ANOIA,802,Alt Penedès,Barcelona,12841
Rovira Riba,192.77,17769,-,8704,,,
Espelta,192.46,41994,el Figueró i Montmany,3463,Vallès Oriental,Barcelona,1142
Rosell Raventós,192.28,13197,Sant Sadurní d'Anoia,4606,Alt Penedès,Barcelona,12841
Torre Marimón - IRTA,192.07,3693,Caldes de Montbui,5107,Vallès Oriental,Barcelona,17812
Celler Cooperatiu La Granada,192.06,44201,La Granada,82,Alt Penedès,Barcelona,2208
Sant Llogari,191.96,3363,Monistrol de Calders,4980,Moianès,Barcelona,702
"Botigues, sèries",191.76,24143,-,4019,,,
Bossuet,191.26,328,Vilafranca del Penedès,51,Alt Penedès,Barcelona,40154
Cal Feru,191.08,20144,Sant Sadurní d'Anoia,3569,Alt Penedès,Barcelona,12841
Bonet,190.54,30467,Gelida,745,Alt Penedès,Barcelona,7670
Eva Sidra Eva Extra Sidra Jai-alai Extra - E,190.14,129406,Lecumberri,6613,,Navarra,1697
Albero - M,190.13,53970,Ronda,5257,,Málaga,33451
Picher,189.64,33801,Piera,287,Anoia,Barcelona,16134
Barbadillo - M,189.38,72466,Sanlúcar de Barrameda,5059,,Cádiz,69876
Terra de Marca,188.9,46675,Castellví de la Marca,408,Alt Penedès,Barcelona,1575
Can Bartomeu,188.65,6438,-,736,,,
El Trianon,188.64,47203,Cornellà de Llobregat,4371,Baix Llobregat,Barcelona,89936
Krismanel,188.47,208439,Sant Sadurní d'Anoia,5210,Alt Penedès,Barcelona,12841
Marne et ChampagneFrança (champagne),188.23,4166,Reims,714,,Marne,174478
Casa Ravella,188.16,91667,Subirats,5834,Alt Penedès,Barcelona,3104
GenèriquesFrança (champagne),187.87,5083,-,654,,,
Santo Cristo - M,187.54,27000,Ainzón,3730,,Zaragoza,1043
Jorba Batlló,186.83,11718,Piera,2680,Anoia,Barcelona,16134
Peñalba Lopez - E,186.81,54153,Aranda de Duero,3253,,Burgos,33675
Rebotiga d'en Pitarra - Restauració,186.67,12431,Barcelona,3,Barcelonès,Barcelona,1664182
Arzak - M,186.25,2214,Donostia-San Sebastián,5103,,Guipúzcoa,189093
Vallort,186.08,1496,Torrelles de Foix,361,Alt Penedès,Barcelona,2398
Gora Idiondo i Molina,186.0,52071,La Bisbal del Penedès,4551,Baix Penedès,Tarragona,3631
Roig - Alemany,185.85,1503,Sant Sadurní d'Anoia,318,Alt Penedès,Barcelona,12841
Rovira Torres,185.59,3866,-,331,,,
Pont Vell - Coop. Sarral,185.43,138904,SARRAL,6504,Conca de Barberà,Tarragona,1538
Vendrell Olivella,185.29,110654,Barcelona,6071,Barcelonès,Barcelona,1664182
Vinirza,184.5,806,-,377,,,
Mas Argany,184.5,204225,Sant Martí Sarroca,8306,Alt Penedès,Barcelona,3261
Nanci Carol,184.36,18603,-,8551,,,
Carolina d'Abril,184.29,33990,Argentona,5972,Maresme,Barcelona,12536
Bodegas Marcelino Díaz - E,184.08,2736,Almendralejo,3755,Tierra de Barros,Badajoz,34284
Hosta,183.93,21496,-,453,,,
Aliron's,183.83,15802,-,8503,,,
Marqués de Badajoz - M,183.42,21116,Zafra,3655,,Badajoz,16711
A  Angel A Nota de Cata El Celler del Raval,182.74,15380,Terrassa,4212,Vallès Occidental,Barcelona,223627
Vidales Roig,182.55,75546,Nulles,5139,Alt Camp,Tarragona,509
Rella d'Or,182.43,3900,VILAFRANCA DEL PENEDÈS,582,Alt Penedès,Barcelona,40154
Batec,182.33,125744,Capmany,6412,Alt Empordà,Girona,693
Clos Lentiscus,182.27,132572,Sant Pere de Ribes,7958,Garraf,Barcelona,31111
Bonramell,182.22,21144,-,8487,,,
Carlos Portabella Coll,182.11,571,-,67,,,
La Gramalla,181.93,28685,Sant Sadurní d'Anoia,8633,Alt Penedès,Barcelona,12841
MalakoffFrança (champagne),181.57,4153,Blancs-Coteaux,782,,Marne,3380
Kairus,181.21,54724,Font-Rubí,4979,Alt Penedès,Barcelona,1414
Bufadors,180.59,163597,Sant Sadurní d'Anoia,7541,Alt Penedès,Barcelona,12841
Lujan,180.57,30541,Sant Sadurní d'Anoia,3549,Alt Penedès,Barcelona,12841
Robert de Nola,180.4,137778,CASTELLET I LA GORNAL,6885,Alt Penedès,Barcelona,2382
Lasaleta,180.4,144495,La Granada,4510,Alt Penedès,Barcelona,2208
Aris Casanovas,180.25,2203,Rubí,8817,Vallès Occidental,Barcelona,78591
Durmat,180.2,3060,Sant Sadurní d'Anoia,119,Alt Penedès,Barcelona,12841
ChandonArgentina,179.92,17446,Luján de Cuyo,728,,Mendoza,116763
Codorniu NapaEstats Units d'Amèrica,179.85,2781,Napa,1095,,Napa,76915
Charles de CouranceFrança (champagne),179.79,15138,-,1597,,,
Papet del Mas,179.73,95316,Font-Rubí,4794,Alt Penedès,Barcelona,1414
Rossinyol de Moragas,179.71,72219,Òdena,5054,Anoia,Barcelona,3668
Baron-FuentéFrança (champagne),179.05,112473,Charly-sur-Marne,3844,,Aisne,2584
Sieur D'ArquesFrança (mousseux),178.97,42026,Limoux,1043,,Aude,9411
Cossetània,178.84,1395,Bellvei,475,Baix Penedès,Barcelona,2237
Friguls,178.72,12861,-,6304,,,
Delagne & FilsFrança (champagne),178.55,47506,-,3742,,,
Moli Parellada - E - (El Xamfra),177.75,178567,Sant Sadurní d'Anoia,9128,Alt Penedès,Barcelona,12841
Castell dels Sorells - E,177.53,13384,Turís,3290,,València,7544
Espais Mont-Bell-EMB,177.46,86409,Vallromanes,4916,Vallès Oriental,Barcelona,2558
Mayador - E,177.36,62118,Villaviciosa,4803,,Asturias,15342
Dovela,177.09,70320,Sant Sadurní d'Anoia,5039,Alt Penedès,Barcelona,12841
Mosst Masia Serra,176.87,128048,Figueres,7756,Alt Empordà,Girona,47235
La Crusset,176.72,66746,Vilassar de Mar,5056,Maresme,Barcelona,21035
Masia el Sot,176.67,40330,Sant Sadurní d'Anoia,3350,Alt Penedès,Barcelona,12841
Benigne Sanabre,176.39,26992,Bonastre,32,Baix Penedès,Tarragona,685
10,176.35,118870,Sant Jaume dels Domenys,6218,Baix Penedès,Tarragona,2624
Aynés i Roca,176.32,49324,Terrassa,4424,Vallès Occidental,Barcelona,223627
Ariscondel,176.05,1961,Rubí,423,Vallès Occidental,Barcelona,78591
Henri Nouel,175.99,4275,Sant Sadurní d'Anoia,586,Alt Penedès,Barcelona,12841
Manyé Robert - M,175.4,39511,La Secuita,4500,Tarragonès,Tarragona,1708
E Demissy,175.27,56240,Barcelona,4649,Barcelonès,Barcelona,1664182
Cardoner (M),174.95,39315,-,4469,,,
Llusià i Arnal (M.),174.8,1952,Sant Sadurní d'Anoia,4125,Alt Penedès,Barcelona,12841
Trobades 2008,174.78,39206,-,3776,,,
Blau de Germain,174.19,3836,Les Cabanyes,40,Alt Penedès,Barcelona,1012
Trobades 2007,173.78,15993,-,3393,,,
Addaia,173.55,32739,-,8816,,,
Olivella i Bonet,173.54,4727,L'Arboç,8649,Baix Penedès,Tarragona,5609
Finca La Gramanosa,173.15,87359,Avinyonet del Penedès,9208,Alt Penedès,Barcelona,1697
Sàniger,172.45,112247,Vilobí del Penedès,1239,Alt Penedès,Barcelona,1102
Priar,172.37,72215,Sant Sadurní d'Anoia,4915,Alt Penedès,Barcelona,12841
Bernat de Fortià,172.25,335,Olèrdola,35,Alt Penedès,Barcelona,3768
Elisabeth Bofill,172.02,1486,Banyeres del Penedès,122,Baix Penedès,Tarragona,3207
Trobades,171.98,7378,-,104,,,
Ramador,171.92,10240,Pacs del Penedès,6899,Alt Penedès,Barcelona,918
Agrícola Bonmas,171.9,36609,Bonastre,5227,Baix Penedès,Tarragona,685
Masia Roda Milans,171.9,2063,Sant Martí Sarroca,507,Alt Penedès,Barcelona,3261
Equilibri Natural Funanbul,170.92,83256,BARCELONA,8791,Barcelonès,Barcelona,1664182
Enblave S.L.,170.77,41039,Santa Eulàlia de Ronçana,3249,Vallès Oriental,Barcelona,7426
Martí  Llata,170.48,1574,-,216,,,
Salvador Mata Oliva,170.36,9375,Sant Sadurní d'Anoia,1073,Alt Penedès,Barcelona,12841
Veuve AmbalFrança (mousseux),170.23,9321,Montagny-lès-Beaune,1057,,Côte-d'Or,715
Baxaulí,169.98,25581,Vilanova i la Geltrú,4068,Garraf,Barcelona,67733
Cellers Monserrat,169.24,10872,Mataró,4109,Maresme,Barcelona,129661
Quod Libet,169.21,3860,Sant Sadurní d'Anoia,301,Alt Penedès,Barcelona,12841
Enric Morató Iglesias,168.88,51835,-,3273,,,
Bodegas Montcau,168.7,997,Gelida,44,Alt Penedès,Barcelona,7670
Celler Martín Faixó,168.29,115454,Roses,5769,Alt Empordà,Girona,19807
Llusià i Arnal,168.18,4370,-,201,,,
Formiga & Sicres,167.67,2877,Riudarenes,3497,Selva,Girona,2204
Fin de Siglo - E,167.59,3599,Orense,132,,Orense,104891
Mar de Frades - E,167.47,98608,Meis,5662,,Pontevedra,4703
Artexanea Vinicola,167.15,55140,L'Hospitalet de Llobregat,4735,Barcelonès,Barcelona,269382
Pitel·lo,166.82,41322,Sant Sadurní d'Anoia,801,Alt Penedès,Barcelona,12841
Barbaros - Rosado - E,166.55,3172,Sonseca,569,,Toledo,11328
Serralada de Marina,166.53,79444,Martorelles,5229,Vallès Oriental,Barcelona,4820
Angelsa,166.26,98025,Sant Quirze del Vallès,5825,Vallès Occidental,Barcelona,20195
Trobades 2006,166.06,23012,-,3263,,,
Vilardell,165.79,26820,Barcelona,375,Barcelonès,Barcelona,1664182
Marie StuartFrança (champagne),165.79,8022,Reims,687,,Marne,174478
Gomà,165.75,57591,-,8587,,,
Marqués de Estivella - E,165.59,7841,Estivella,209,Camp de Morvedre,València,1456
Pairet,165.59,10782,-,3628,,,
Brut d'ArgentFrança (mousseux),165.38,11637,-,3574,,,
2000,165.26,4688,-,3931,,,
Coop. El Pla de Santa Maria,165.26,13456,El Pla de Santa Maria,499,Alt Camp,Tarragona,2348
Senyor de Montcada,164.97,10390,Sant Sadurní d'Anoia,1238,Alt Penedès,Barcelona,12841
BerlucchiItàlia,164.95,11198,Corte Franca,786,,Brescia,6267
Mas dels Clavers,164.95,4986,Cabrera d'Anoia,587,Anoia,Barcelona,1482
"Restauració, sèries",164.94,1610,-,4022,,,
"Dubosc, J.B.",164.79,5365,Sant Sadurní d'Anoia,662,Alt Penedès,Barcelona,12841
AntechFrança (mousseux),164.65,11767,Limoux,904,,Aude,9411
El Pomar de Gredos - E,164.54,7521,Los Llanos de Tormes,3598,,Ávila,63
Sant Julià,164.27,46523,Sant Julià de Ramis,4331,Gironès,Girona,3576
Dallmayr,164.25,6740,-,746,,,
SidraFrança (mousseux),164.21,81035,-,3566,,,
EpernayFrança (champagne),164.11,51470,Épernay,1833,,Marne,22022
Mas Boter,164.0,202483,AVINYONET DEL PENEDÈS,8300,Alt Penedès,Barcelona,1697
Joan Serret - M,163.92,30815,CASTALLA,3902,Alcoià,Alacant,10124
Guardiola Velles,163.92,99377,Sant Sadurní d'Anoia,4069,Alt Penedès,Barcelona,12841
Beso de Rechenna - E,163.68,62212,Requena,4806,Plana d'Utiel,València,20254
Foixench,163.61,9350,Cervelló,3319,Baix Llobregat,Barcelona,9077
Chatin,163.59,36684,Sant Sadurní d'Anoia,8545,Alt Penedès,Barcelona,12841
"Clouet, AndréFrança (champagne)",163.47,8688,Bouzy,1639,,Marne,997
M T - (Mas Tarragó),163.31,105822,Montblanc,4866,Conca de Barberà,Tarragona,7379
Miquel Roig,163.25,3843,Sant Sadurní d'Anoia,242,Alt Penedès,Barcelona,12841
Rendé Masdéu,162.71,211306,l'Espluga de Francolí,7812,Conca de Barberà,Tarragona,3736
Joan Martinez Esquius,162.57,10128,Olesa de Montserrat,3293,Baix Llobregat,Barcelona,24144
Can Paixano,162.55,6444,Barcelona,603,Barcelonès,Barcelona,1664182
Cremant de BourgogneFrança (mousseux),162.2,8493,Montagny-lès-Beaune,956,,Côte-d'Or,715
Les Champagnes de VigneronsFrança (champagne),162.13,11761,,742,,,
Balaguer Fité,162.01,1439,,21,,,
CarpenèItàlia,161.88,2869,Conegliano,881,,Treviso,35246
Can Festís,161.79,24859,Sant Sadurní d'Anoia,5284,Alt Penedès,Barcelona,12841
Agrícola de L'Albi,161.64,34468,L'Albi,4491,Garrigues,Lleida,744
Txomin Etxaniz (Txakolina) - E,161.1,17487,Getaria,3346,,Guipúzcoa,2906
1999,160.89,61780,Caldes de Malavella,6522,Selva,Girona,7872
Casa Murada,160.82,85386,Castellet i La Gornal,5013,Alt Penedès,Barcelona,2382
ValdoItàlia,160.43,16109,Valdobbiadene,720,,Treviso,11223
González Dubosc,159.76,7685,Sant Sadurní d'Anoia,766,Alt Penedès,Barcelona,12841
Josep Font Verdiell,159.73,53669,Sant Sadurní d'Anoia,4569,Alt Penedès,Barcelona,12841
Liorna,159.56,18138,Sant Sadurní d'Anoia,3330,Alt Penedès,Barcelona,12841
FerrariItàlia,159.11,2896,Trento,669,,Trento,120336
Vila Morgades,159.01,12406,Castellví de la Marca,370,Alt Penedès,Barcelona,1575
Pryca,158.73,4894,Alcobendas,297,,Madrid,121373
Aldebaran,158.52,35235,Sant Sadurní d'Anoia,3567,Alt Penedès,Barcelona,12841
Trobades 2009,158.18,48900,-,4329,,,
Borgo MolinoItàlia,158.07,60074,Ormelle,4753,,Treviso,4070
Charles VolnerFrança (mousseux),157.92,12648,Tournan-en-Brie,938,,Seine-et-Marne,8324
Mas Gamell,157.82,828,Vilamalla,446,Alt Empordà,Girona,1161
"Commemoratives, sèries",157.56,26069,-,4021,,,
Torre del Gall,157.36,8988,Sant Cugat Sesgarrigues,879,Alt Penedès,Barcelona,1009
Alatac,156.61,119402,La Pobla de Montornès,6227,Tarragonès,Tarragona,2884
Bodegas Ruiz Torres - E,156.61,25395,Cañamero,3703,,Cáceres,1601
Duval - LeroyFrança (champagne),156.57,5244,Blancs-Coteaux,1823,,Marne,3380
"Mitjavila - ara, Cellers Camp de Tarragona",156.38,1418,La Secuita,245,Tarragonès,Tarragona,1708
Lembey,156.31,7840,Sant Sadurní d'Anoia,197,Alt Penedès,Barcelona,12841
Frizzantino - E,155.85,16055,Madrid,3384,,Madrid,3416771
Most Doré - M,155.77,748,Sant Sadurní d'Anoia,256,Alt Penedès,Barcelona,12841
Àtica,155.5,72454,El Pla del Penedès,4536,Alt Penedès,Barcelona,1275
Estruch,155.43,175444,Sant Sadurní d'Anoia,7849,Alt Penedès,Barcelona,12841
Terra de Marca (M.),155.14,438,Castellví de la Marca,4197,Alt Penedès,Barcelona,1575
Llisuá,155.04,37842,Pacs del Penedès,3368,Alt Penedès,Barcelona,918
Berenguer d'Esplá,154.71,45661,-,8570,,,
Montsegú,154.34,877,-,255,,,
Gran Bocam,154.32,4557,-,8600,,,
Mon Pais,153.98,25507,Sant Sadurní d'Anoia,8560,Alt Penedès,Barcelona,12841
Peirató i Canal,153.91,22260,El Papiol,3466,Baix Llobregat,Barcelona,4172
Mistinguett Plume,153.89,165021,Vilobí del Penedès,7569,Alt Penedès,Barcelona,1102
Vernet,153.68,9086,Santa Margarida i els Monjos,365,Alt Penedès,Barcelona,7676
Terraferma,153.61,63082,-,8435,,,
Albert Oliva,153.49,50666,Roda de Ter,8450,Osona,Barcelona,6490
Ducal Oliver,153.29,122957,Sant Sadurní d'Anoia,117,Alt Penedès,Barcelona,12841
Cava Lladó,152.7,24842,-,856,,,
Genèriques - EscutFrança (champagne),152.65,4696,-,3984,,,
Snou,152.54,98966,La Nou de Gaià,7551,Tarragonès,Tarragona,600
Mercè Rocamora,152.47,72691,Sant Sadurní d'Anoia,4369,Alt Penedès,Barcelona,12841
Espiturella,152.24,75259,-,8818,,,
Rimarts Uvae,152.13,159147,Sant Sadurní d'Anoia,584,Alt Penedès,Barcelona,12841
Tarré & Miró,152.08,1944,-,347,,,
Rostei,152.01,9222,Begur,327,Baix Empordà,Girona,3891
Foss MaraiItàlia,151.36,2812,Valdobbiadene,889,,Treviso,11223
Badamoni,151.34,48689,Badalona,4476,Barcelonès,Barcelona,223166
AyalaFrança (champagne),151.3,3657,Aÿ-Champagne,695,,Marne,5841
Grup Penya Barcelonista de Col·leccionistes de Plaques de Cava,151.27,112044,Barcelona,5689,Barcelonès,Barcelona,1664182
Sardà,151.15,96975,Castellví de la Marca,5645,Alt Penedès,Barcelona,1575
I Tant,151.15,160808,Barcelona,7709,Barcelonès,Barcelona,1664182
Añares Terranova - E,150.99,30244,Logroño,510,,La Rioja,151164
Villa SandiItàlia,150.97,2867,Crocetta del Montello,883,,Treviso,5714
Trobades 2010,150.75,64673,-,4714,,,
TelmontFrança (champagne),150.28,4039,Damery,2568,,Marne,1472
D.G. Viticultors,149.94,70167,Torrelles de Foix,5434,Alt Penedès,Barcelona,2398
MaschioItàlia,149.93,68451,Vazzola,3010,,Treviso,7000
Trobades 2002,149.54,7383,-,791,,,
"Moncuit, PierreFrança (champagne)",149.52,10861,Le Mesnil-sur-Oger,2275,,Marne,1077
Torres Sangre de Toro,149.43,170678,Vilafranca del Penedès,8066,Alt Penedès,Barcelona,40154
La Vida al Camp,149.34,98160,Sant Sadurní d'Anoia,6564,Alt Penedès,Barcelona,12841
Castell de Recasens,149.33,12293,Vilamalla,3462,Alt Empordà,Girona,1161
Caves de LandirasFrança (mousseux),149.23,27967,-,5554,,,
Miquel de Marc,149.1,120013,Sant Joan Les Fonts,7021,Garrotxa,Girona,3044
Jordi Melendo,149.1,1430,-,179,,,
Bodegas Luis Alegre - M,149.09,35786,Laguardia,4089,,Álava,1478
"Trobades, sèries",149.02,25238,-,3723,,,
Mumm & CoAlemanya,148.62,2755,Hochheim am Main,708,,Hesse,16874
Sicus Sons,148.47,135061,Bonastre,6803,Baix Penedès,Tarragona,685
Algendaret,148.11,4388,GELIDA,554,Alt Penedès,Barcelona,7670
Trobades 2001,148.11,3641,-,790,,,
El Miracle - de Hoya de Cadenas - M,147.59,63114,Chiva,4723,,València,17245
Nussal,147.58,66135,Vilafranca del Penedès,4359,Alt Penedès,Barcelona,40154
Míriam Buitrago,147.28,74086,El Vendrell,6507,Baix Penedès,Tarragona,38373
3 de 8,147.03,173265,Masquefa,7816,Anoia,Barcelona,9402
Pau Guimerà,147.02,81633,Caldes de Malavella,4578,Selva,Girona,7872
Celebracions,146.75,12178,-,109,,,
Rotxa,146.68,73089,Torrelavit,5774,Alt Penedès,Barcelona,1422
Botigues - Cal Boter,146.55,17429,-,487,,,
Masia Gironella,146.51,10307,Llambilles,234,Gironès,Girona,713
Saint Vignon,146.23,12457,Les Cabanyes,335,Alt Penedès,Barcelona,1012
CancenFrança (mousseux),146.17,18532,-,3328,,,
Mas de la Sabatera,146.14,119971,Montblanc,6463,Conca de Barberà,Tarragona,7379
Saumell,146.08,12444,-,574,,,
Claver,145.93,19192,-,3332,,,
Trobades 2014,145.85,119086,-,5989,,,
Elilis,145.8,149321,Figueres,5822,Alt Empordà,Girona,47235
Gomà (M.),145.31,28518,Barcelona,4121,Barcelonès,Barcelona,1664182
Heretat de Sangenís,145.28,70050,Pacs del Penedès,4862,Alt Penedès,Barcelona,918
Viña Abarando - M,145.21,28431,Cariñena,4445,,Zaragoza,3456
Caldereta,145.01,11212,MANRESA,4354,Bages,Barcelona,78245
Castell de Palafolls,144.97,82233,Palafolls,5154,Maresme,Barcelona,9613
Coop. Ulldecona,144.79,10009,Ulldecona,3385,Montsià,Tarragona,6525
"Particulars, sèries",144.43,8761,-,4518,,,
Mercè Duffour,144.31,40539,Sabadell,4206,Vallès Occidental,Barcelona,216520
Murad-Rahims,144.17,34227,Castellví de la Marca,3565,Alt Penedès,Barcelona,1575
Comte Arnau,143.87,87914,Sant Esteve Sesrovires,3486,Baix Llobregat,Barcelona,7696
Bodegas Matarromera - E,143.68,48059,Valbuena de Duero,4392,,Valladolid,399
Griselda,143.24,119946,Sant Sadurní d'Anoia,6282,Alt Penedès,Barcelona,12841
ChampomyFrança (mousseux),143.2,263,-,3614,,,
Olimer,142.85,87083,-,8480,,,
Jose Mª Sogas Mascaró,142.7,236230,Vilafranca del Penedès,8846,Alt Penedès,Barcelona,40154
4 arreplegats,142.69,151654,Castellfollit del Boix,7271,Bages,Barcelona,447
Artesanos Vino Valencia (One) - E,142.27,29166,València,3380,València,València,794288
Àngel Gustà,142.24,83721,Sant Sadurní d'Anoia,4995,Alt Penedès,Barcelona,12841
Previte,141.98,712,-,295,,,
Trobades 2003,141.69,9826,-,792,,,
BouillotFrança (mousseux),141.34,9312,Nuits-Saint-Georges,915,,,
Pont Romà,141.28,135175,Sant Sadurní d'Anoia,6667,Alt Penedès,Barcelona,12841
Celler Pascual,141.08,68274,Els Hostalets de Pierola,3679,Anoia,Barcelona,2980
La VersaItàlia,141.06,4147,Santa Maria della Versa,841,,Pavia,2573
Abelles de Mas Quadrell,140.52,4390,Sitges,588,Garraf,Barcelona,29553
Gatius Valles,140.39,16607,-,3298,,,
Grup Plaques de la Cris,140.39,57571,-,5433,,,
Salsench,140.32,32156,-,8496,,,
Charmier,140.25,4480,-,87,,,
Veuve du VernayFrança (mousseux),139.95,4697,Beaune,1061,,Côte-d'Or,21806
Torrents Carbó - (M.),139.92,169317,Vilanova i la Geltrú,7032,Garraf,Barcelona,67733
Mas del Bosch,139.53,82197,Sant Sadurní d'Anoia,5238,Alt Penedès,Barcelona,12841
Mas Rabassa,139.51,851,Olèrdola,228,Alt Penedès,Barcelona,3768
Bottega SandroItàlia,139.42,8840,Godega di Sant'Urbano,836,,Treviso,6131
Marc Marti Ramon - MM,139.28,107842,Barcelona,5957,Barcelonès,Barcelona,1664182
Raigal - E,139.17,2982,Almonte,304,,Huelva,24863
Balandrau,139.15,87162,-,8459,,,
TsarineFrança (champagne),139.11,8157,Reims,2597,,Marne,174478
JaillanceFrança (mousseux),139.05,124445,Die,992,,Drôme,4451
Bodegas Cabal - E,138.86,108616,Ainzón,5763,,Zaragoza,1043
Dolores Ferrer by Freixenet,138.59,13106,Sant Sadurní d'Anoia,7808,Alt Penedès,Barcelona,12841
Charles HeidsieckFrança (champagne),138.37,8360,Reims,709,,Marne,174478
Celler Cooperatiu de Batea,138.08,121283,Batea,5480,Terra Alta,Tarragona,1901
Bella Conchi - Bodegas Bella Conchi,137.49,106232,Vila-Rodona,6975,Alt Camp,Tarragona,1276
Heretat Lluch,137.47,810,Sant Quintí de Mediona,434,Alt Penedès,Barcelona,2317
Sant'OrsolaItàlia,137.42,121383,Cossano Belbo,867,,Cuneo,1048
Sabaté Butí,137.17,9389,Sant Sadurní d'Anoia,413,Alt Penedès,Barcelona,12841
Valls Roure,137.03,113055,Terrassa,5228,Vallès Occidental,Barcelona,223627
Varis Pirules,136.66,8766,-,2678,,,
Hinse,136.52,34178,Sant Sadurní d'Anoia,6923,Alt Penedès,Barcelona,12841
Trobades 2011,136.03,86394,-,5067,,,
Celler Grapissó,135.99,180673,La Llacuna,6513,Anoia,Barcelona,903
Heidsieck et C°França (champagne),135.69,145658,Reims,8758,,Marne,174478
